t_pre,t_test,t_train,t_CAV,t_HDV_pre,t_HDV_test,CAV_advantage,Effect_of_change,Effect_of_remaining,avg_speed_pre,avg_speed_test,avg_mileage_pre,avg_mileage_test,winrate,cost_of_learning,cost_of_learning_humans,cost_of_learning_CAVs,avg_time_lost,avg_human_time_lost,avg_CAV_time_lost,diff_sumo_routerl
4.585716586151368,4.429774557165861,4.613863123993559,4.39182769726248,4.577563070316694,4.455072463768116,1.0144005573226513,1.042291133864379,1.0274946384250225,30.357,30.743999999999996,2.24262,2.2046,1.0,0.9759581320450885,0.504669887278583,1.682890499194847,0.40698872785829304,-0.13744983769138358,0.25462579556782455,0.0035265700483364526
