episode,instability_humans,instability_CAVs,avg_time_lost,time_excess
25,621,414,97.97,
30,0,308,97.05,
35,0,317,96.5,
40,0,316,96.97,
45,0,305,96.84,
50,0,305,97.39,
55,0,305,95.28,
60,0,322,95.49,
65,0,295,99.52,
70,0,314,99.95,
75,0,308,99.66,
80,0,311,96.38,
85,0,298,96.49,
90,0,313,98.03,
95,0,303,97.36999999999999,
100,0,308,97.42,
105,0,314,98.27000000000001,
110,0,297,97.22,
115,0,314,96.1,
120,0,302,94.92999999999999,
125,0,286,92.94000000000001,
