t_pre,t_test,t_train,t_CAV,t_HDV_pre,t_HDV_test,CAV_advantage,Effect_of_change,Effect_of_remaining,avg_speed_pre,avg_speed_test,avg_mileage_pre,avg_mileage_test,winrate,cost_of_learning,cost_of_learning_humans,cost_of_learning_CAVs,avg_time_lost,avg_human_time_lost,avg_CAV_time_lost,diff_sumo_routerl
4.212840579710145,4.437842190016103,4.482493558776167,4.762238325281803,4.203523886205045,4.221578099838969,0.8864693052902092,0.882678185988582,0.9957233496083816,31.319999999999997,30.564,2.1472480000000003,2.20354,0.0,0.8777294685990338,0.6845410628019324,1.1675120772946859,6.2930660225442825,0.03823783324387189,0.5981709608158884,-0.0005314009662242825
