episode,instability_humans,instability_CAVs,avg_time_lost,time_excess
5,621,414,112.71,
10,0,17,111.03,
15,0,14,110.71000000000001,
20,0,0,110.71000000000001,
