t_pre,t_test,t_train,t_CAV,t_HDV_pre,t_HDV_test,CAV_advantage,Effect_of_change,Effect_of_remaining,avg_speed_pre,avg_speed_test,avg_mileage_pre,avg_mileage_test,winrate,cost_of_learning,cost_of_learning_humans,cost_of_learning_CAVs,avg_time_lost,avg_human_time_lost,avg_CAV_time_lost,diff_sumo_routerl
4.585716586151368,4.560740740740741,4.675076489533011,4.779347826086957,4.577563070316694,4.415002683843264,0.92376676578026,0.9577798555131587,1.0368199972036984,30.357,30.384,2.24262,2.24609,0.0,1.8093236714975844,1.6182501341921631,2.0959339774557164,1.7622222222222221,-0.07879508217672469,0.3279809830534468,-0.00444444444445935
