episode,instability_humans,instability_CAVs,avg_time_lost,time_excess
25,621,414,121.1,
30,0,27,96.25999999999999,
35,0,17,95.22999999999999,
40,0,28,96.21,
45,0,21,97.78,
50,0,22,97.33,
55,0,101,96.28,
60,0,33,95.94,
65,0,39,96.17999999999999,
70,0,28,95.87,
75,0,36,96.53,
80,0,33,95.29,
85,0,48,95.67,
90,0,35,97.58,
95,0,25,97.0,
100,0,29,96.13,
105,0,25,95.94999999999999,
110,0,29,95.72,
115,0,24,175.85999999999999,
120,0,34,95.01,
125,0,13,95.22,
