t_pre,t_test,t_train,t_CAV,t_HDV_pre,t_HDV_test,CAV_advantage,Effect_of_change,Effect_of_remaining,avg_speed_pre,avg_speed_test,avg_mileage_pre,avg_mileage_test,winrate,cost_of_learning,cost_of_learning_humans,cost_of_learning_CAVs,avg_time_lost,avg_human_time_lost,avg_CAV_time_lost,diff_sumo_routerl
3.2264714714714717,3.3496996996996997,3.347980480480481,3.4820075757575757,3.324166666666667,3.2628109452736322,0.9370487784087451,0.9546695675822683,1.0188045591430641,29.790000000000003,29.556000000000004,1.56005,1.6176400000000002,0.0,0.1801051051051051,0.058457711442786074,0.3653409090909091,1.461546546546546,-0.06220563847429517,0.4019791666666667,-0.001981981981998615
