episode,instability_humans,instability_CAVs,avg_time_lost,time_excess
55,134,88,25.68,
60,0,9,26.419999999999998,
65,0,8,25.919999999999998,
70,0,6,25.89,
75,0,2,25.74,
80,0,3,25.82,
85,0,23,26.16,
90,0,6,25.84,
95,0,8,25.89,
100,0,6,26.0,
105,0,8,26.009999999999998,
110,0,0,26.009999999999998,
